{
  "sessions\\tpersonal.json": {
    "last_used": 1777040337.4740381,
    "sleep_until": 1777016649.1401339
  },
  "sessions\\sun.json": {
    "last_used": 1777036396.1603599,
    "sleep_until": 0
  }
}